{"cameraMode":{"drawMode":0,"name":"Shaded","section":"Shading Mode"},"sceneLighting":false,"audioPlay":false,"sceneViewState":{"m_AlwaysRefresh":false,"showFog":true,"showSkybox":false,"showFlares":true,"showImageEffects":true,"showParticleSystems":true,"showVisualEffectGraphs":true,"m_FxEnabled":true},"in2DMode":false,"pivot":{"x":0.052094459533691409,"y":-0.29549503326416018,"z":0.005553007125854492},"rotation":{"x":0.0906602144241333,"y":-0.27318888902664187,"z":-0.026021843776106836,"w":-0.9568923711776733},"size":2.9576728343963625,"orthographic":false}