{"cameraMode":{"drawMode":0,"name":"Shaded","section":"Shading Mode"},"sceneLighting":false,"audioPlay":false,"sceneViewState":{"m_AlwaysRefresh":false,"showFog":true,"showSkybox":false,"showFlares":true,"showImageEffects":true,"showParticleSystems":true,"showVisualEffectGraphs":true,"m_FxEnabled":true},"in2DMode":false,"pivot":{"x":-0.22765159606933595,"y":-0.04139745235443115,"z":0.8039019107818604},"rotation":{"x":0.01713203452527523,"y":-0.29736289381980898,"z":-0.005498310085386038,"w":-0.9541636109352112},"size":9.17331600189209,"orthographic":false}