{"cameraMode":{"drawMode":0,"name":"Shaded","section":"Shading Mode"},"sceneLighting":false,"audioPlay":false,"sceneViewState":{"m_AlwaysRefresh":false,"showFog":true,"showSkybox":false,"showFlares":true,"showImageEffects":true,"showParticleSystems":true,"showVisualEffectGraphs":true,"m_FxEnabled":true},"in2DMode":false,"pivot":{"x":-0.020589351654052736,"y":0.10317587852478028,"z":-0.04235482215881348},"rotation":{"x":0.01713203452527523,"y":-0.29736289381980898,"z":-0.005498310085386038,"w":-0.9541636109352112},"size":3.9985499382019045,"orthographic":false}