{"cameraMode":{"drawMode":0,"name":"Shaded","section":"Shading Mode"},"sceneLighting":false,"audioPlay":false,"sceneViewState":{"m_AlwaysRefresh":false,"showFog":true,"showSkybox":false,"showFlares":true,"showImageEffects":true,"showParticleSystems":true,"showVisualEffectGraphs":true,"m_FxEnabled":true},"in2DMode":false,"pivot":{"x":-2.361682891845703,"y":-0.6435203552246094,"z":7.2701826095581059},"rotation":{"x":0.01345082838088274,"y":-0.07400494813919068,"z":-0.001089719939045608,"w":-0.9967619776725769},"size":48.57340621948242,"orthographic":false}