{"cameraMode":{"drawMode":0,"name":"Shaded","section":"Shading Mode"},"sceneLighting":false,"audioPlay":false,"sceneViewState":{"m_AlwaysRefresh":false,"showFog":true,"showSkybox":false,"showFlares":true,"showImageEffects":true,"showParticleSystems":true,"showVisualEffectGraphs":true,"m_FxEnabled":true},"in2DMode":false,"pivot":{"x":-0.1388874053955078,"y":-0.12625429034233094,"z":0.301419734954834},"rotation":{"x":0.06138565391302109,"y":0.04278554767370224,"z":0.002504160860553384,"w":-0.9967834949493408},"size":6.252167224884033,"orthographic":false}