{"cameraMode":{"drawMode":0,"name":"Shaded","section":"Shading Mode"},"sceneLighting":false,"audioPlay":false,"sceneViewState":{"m_AlwaysRefresh":false,"showFog":true,"showSkybox":false,"showFlares":true,"showImageEffects":true,"showParticleSystems":true,"showVisualEffectGraphs":true,"m_FxEnabled":true},"in2DMode":false,"pivot":{"x":1.401742696762085,"y":0.03350338339805603,"z":-1.3875172138214112},"rotation":{"x":0.014798563905060292,"y":-0.5611051321029663,"z":-0.010234510526061058,"w":-0.8270534873008728},"size":1.9059932231903077,"orthographic":false}