{"cameraMode":{"drawMode":0,"name":"Shaded","section":"Shading Mode"},"sceneLighting":false,"audioPlay":false,"sceneViewState":{"m_AlwaysRefresh":false,"showFog":true,"showSkybox":false,"showFlares":true,"showImageEffects":true,"showParticleSystems":true,"showVisualEffectGraphs":true,"m_FxEnabled":true},"in2DMode":false,"pivot":{"x":-1.7881393432617188e-7,"y":4.76837158203125e-7,"z":1.7499998807907105},"rotation":{"x":0.01713203452527523,"y":-0.29736289381980898,"z":-0.005498310085386038,"w":-0.9541636109352112},"size":2.567394733428955,"orthographic":false}